5aa38fccf97c5d21d720675c,https://www.tokopedia.com/gemstone15/lampu-led-luby-emergency-15w-15-watt?trkid=f%3DCa989L000P0W0S0Sh00Co0Po0Fr0Cb0_src%3Ddirectory_page%3D1_ob%3D5_q%3D_po%3D49_catid%3D1024,3
5aa6819df97c5d6e354f8bcd,https://www.tokopedia.com/efektif/alat-pengusir-tikus-nyamuk-kecoa-lalat-ultra-sonic?trkid=f%3DCa50L000P0W0S0Sh00Co0Po0Fr0Cb0_src%3Ddirectory_page%3D28_ob%3D5_q%3D_po%3D17_catid%3D577,3
5aa61699f97c5d0197a4f3cd,https://www.tokopedia.com/aeriqa/portable-flexible-fan-usb-kipas-angin-fleksibel-mini?trkid=f%3DCa50L000P0W0S0Sh00Co0Po0Fr0Cb0_src%3Ddirectory_page%3D16_ob%3D5_q%3D_po%3D33_catid%3D667,3
5aace5dbb8a9f75b64b41443,https://www.tokopedia.com/pctotv/antena-pf-digital-hdu-25-very-high-gain-serta-cocok-untuk-tv-analog-dan-tv-digital?src=topads,3
5a94afc58cbad978815975bd,https://www.tokopedia.com/tokotoped/nichrome-pre-built-coil-03-ohm-nikrom-80-rda-rba-rta-wire-kanthal?trkid=f%3DCa2090L000P0W0S0Sh00Co0Po0Fr0Cb0_src%3Ddirectory_page%3D1_ob%3D5_q%3D_po%3D39_catid%3D2094,3
5aa84f9a8cbad94892a38d5b,https://www.tokopedia.com/pctotv/antena-pf-digital-hdu-25-very-high-gain-serta-cocok-untuk-tv-analog-dan-tv-digital?trkid=f%3DCa655L000P0W0S0Sh00Co0Po0Fr0Cb0_src%3Ddirectory_page%3D1_ob%3D5_q%3D_po%3D15_catid%3D661,3
5a949a5d8cbad978815975b7,https://www.tokopedia.com/leven/18650-battery-sleeve-pvc-wrap-superheroes-edition-batere-batre?trkid=f%3DCa2090L000P0W0S0Sh00Co0Po0Fr0Cb0_src%3Ddirectory_page%3D1_ob%3D5_q%3D_po%3D33_catid%3D2092,3
5aac42028cbad95273c04fb3,https://www.tokopedia.com/edisoncomp/ip-cam-cctv-wifi-wireless-portable-spc-smart-babycam-best-seller?trkid=f%3DCa548L000P0W0S0Sh00Co0Po0Fr0Cb0_src%3Ddirectory_page%3D1_ob%3D5_q%3D_po%3D8_catid%3D551,3
5aa2e7fe8cbad96d9a0c50cc,https://www.tokopedia.com/masvan/earphone-headset-xiaomi-iv-hybrid-dual-drivers-mi-piston-4-original?trkid=f%3DCa25L000P0W0S0Sh00Co0Po0Fr0Cb0_src%3Ddirectory_page%3D1_ob%3D5_q%3D_po%3D21_catid%3D565,3
5aa613a435d6d336b75ec4cd,https://www.tokopedia.com/inforidista/bits-sport-beat-headphone-headset-over-ear-bt-008-with-microphone?trkid=f%3DCa25L000P0W0S0Sh00Co0Po0Fr0Cb0_src%3Ddirectory_page%3D3_ob%3D5_q%3D_po%3D3_catid%3D564,3
5aa5723d35d6d336b75ec492,https://www.tokopedia.com/sennheiser/sennheiser-mx-400-ii-grey?trkid=f%3DCa25L000P0W0S0Sh00Co0Po0Fr0Cb0_src%3Ddirectory_page%3D2_ob%3D5_q%3D_po%3D4_catid%3D565,3
5a9b9003f97c5d28a53447fa,https://www.tokopedia.com/mofan/handsfree-samsung-young-ori-99-murah-hf-headset?trkid=f%3DCa25L000P0W0S0Sh00Co0Po0Fr0Cb0_src%3Ddirectory_page%3D10_ob%3D5_q%3D_po%3D42_catid%3D563,3
5aa3ffd6f97c5d21d7206787,https://www.tokopedia.com/agenled/led-strip-3528-ip44-outdoor-putih?trkid=f%3DCa989L000P0W0S0Sh00Co0Po0Fr0Cb0_src%3Ddirectory_page%3D2_ob%3D5_q%3D_po%3D32_catid%3D1030,3
5aa325ca8cbad96d9a0c50d7,https://www.tokopedia.com/hanscomputer/headset-sades-gaming-sa-903-with-71ch?trkid=f%3DCa25L000P0W0S0Sh00Co0Po0Fr0Cb0_src%3Ddirectory_page%3D1_ob%3D5_q%3D_po%3D32_catid%3D563,3
5a94a8878cbad978815975bb,https://www.tokopedia.com/tokotoped/nichrome-niklin-wire-24-awg-kawat-nikrom-pengganti-khantal-kanthal?trkid=f%3DCa2090L000P0W0S0Sh00Co0Po0Fr0Cb0_src%3Ddirectory_page%3D1_ob%3D5_q%3D_po%3D37_catid%3D2094,3
5ab158598cbad96516b73b57,https://www.tokopedia.com/gadgetlabs/xiaomi-xiaofang-smart-square-cam-wifi-ip-camera-cctv-1080p?trkid=f%3DCa548L000P0W0S0Sh00Co0Po0Fr0Cb0_src%3Ddirectory_page%3D1_ob%3D5_q%3D_po%3D9_catid%3D550,3
5aa8ebfd35d6d34e1abd83e6,https://www.tokopedia.com/epoymarket/xiaomi-mi-piston-3-earphone-headset-ori-99?trkid=f%3DCa25L000P0W0S0Sh00Co0Po0Fr0Cb0_src%3Ddirectory_page%3D7_ob%3D5_q%3D_po%3D45_catid%3D565,3
5aa61d8735d6d336b75ec4d0,https://www.tokopedia.com/relix/35mm-microphone-with-clip-clip-mic-mic-clip-clip-on-mic?trkid=f%3DCa25L000P0W0S0Sh00Co0Po0Fr0Cb0_src%3Ddirectory_page%3D3_ob%3D5_q%3D_po%3D6_catid%3D634,3
5aa5adcd35d6d336b75ec4a2,https://www.tokopedia.com/y2r/bluedio-h-turbine-hurricane-headphone-bass-bluetooth-wireless-41?trkid=f%3DCa25L000P0W0S0Sh00Co0Po0Fr0Cb0_src%3Ddirectory_page%3D2_ob%3D5_q%3D_po%3D20_catid%3D564,3
5a94bddd8cbad978815975c1,https://www.tokopedia.com/memizhu/ejuice-matjan-es-pelem-60ml-3mg-nic-liquid-by-terminal-vapor?trkid=f%3DCa2090L000P0W0S0Sh00Co0Po0Fr0Cb0_src%3Ddirectory_page%3D1_ob%3D5_q%3D_po%3D43_catid%3D2096,3
5aac46568cbad95273c04fb4,https://www.tokopedia.com/gadgetlabs/xiaomi-xiaofang-smart-square-cam-wifi-ip-camera-cctv-1080p?trkid=f%3DCa548L000P0W0S0Sh00Co0Po0Fr0Cb0_src%3Ddirectory_page%3D1_ob%3D5_q%3D_po%3D9_catid%3D550,3
5a9c42748cbad9263022f5e0,https://www.tokopedia.com/inforidista/bits-sport-beat-headphone-headset-over-ear-bt-008-with-microphone?src=topads,3
5aac5b3e8cbad95273c04fbb,https://www.tokopedia.com/mega-acc/pulpen-kamera-spy-cam-kamera-pengintai-bentuk-pulpen?trkid=f%3DCa548L000P0W0S0Sh00Co0Po0Fr0Cb0_src%3Ddirectory_page%3D1_ob%3D5_q%3D_po%3D16_catid%3D553,3
5a9caff4b8a9f734d011a2f9,https://www.tokopedia.com/mega-acc/pulpen-kamera-spy-cam-kamera-pengintai-bentuk-pulpen?trkid=f%3DCa548L000P0W0S0Sh00Co0Po0Fr0Cb0_src%3Ddirectory_page%3D1_ob%3D5_q%3D_po%3D16_catid%3D553,3
5aac50f88cbad95273c04fb7,https://www.tokopedia.com/instaxstudio/xiaomi-xiaoyi-smart-cctv-camera-dengan-night-vision-white?trkid=f%3DCa548L000P0W0S0Sh00Co0Po0Fr0Cb0_src%3Ddirectory_page%3D1_ob%3D5_q%3D_po%3D12_catid%3D550,3
5a9b6e938cbad94aa140ca63,https://www.tokopedia.com/budgetgadget/charger-baterai-18650-dual-battery-2-slot-a-cc-02?trkid=f%3DCa50L000P0W0S0Sh00Co0Po0Fr0Cb0_src%3Ddirectory_page%3D3_ob%3D5_q%3D_po%3D43_catid%3D573,3
5ab141c18cbad96516b73b51,https://www.tokopedia.com/instaxstudio/xiaomi-xiaoyi-smart-cctv-camera-dengan-night-vision-white?trkid=f%3DCa548L000P0W0S0Sh00Co0Po0Fr0Cb0_src%3Ddirectory_page%3D1_ob%3D5_q%3D_po%3D12_catid%3D550,3
5a92c9e235d6d3672e10ffaa,https://www.tokopedia.com/gps-tracker/gps-tracker-gt06-new-2?trkid=f%3DCa50L000P0W0S0Sh00Co0Po0Fr0Cb0_src%3Ddirectory_page%3D1_ob%3D5_q%3D_po%3D35_catid%3D668,3
5a9326df35d6d3672e10ffce,https://www.tokopedia.com/shohiby/xtar-mc2-charger-baterai-vape-vapors-fast-charging-auto-stop-safe-ori?trkid=f%3DCa50L000P0W0S0Sh00Co0Po0Fr0Cb0_src%3Ddirectory_page%3D2_ob%3D5_q%3D_po%3D11_catid%3D577,3
5aa43f5dae1f941be7165ee5,https://www.tokopedia.com/cheap4u/sony-vtc4-18650-2100mah-30a-battery-original?trkid=f%3DCa50L000P0W0S0Sh00Co0Po0Fr0Cb0_src%3Ddirectory_page%3D1_ob%3D5_q%3D_po%3D26_catid%3D573,3
5a9b62e3f97c5d28a53447d8,https://www.tokopedia.com/mofan/headse-handsfree-bluetooth-samsung-hm1000-earphone-hm-1000?trkid=f%3DCa25L000P0W0S0Sh00Co0Po0Fr0Cb0_src%3Ddirectory_page%3D10_ob%3D5_q%3D_po%3D8_catid%3D565,3
5aa3820af97c5d21d7206758,https://www.tokopedia.com/agenled/lampu-natal-led-twinkle-light?trkid=f%3DCa989L000P0W0S0Sh00Co0Po0Fr0Cb0_src%3Ddirectory_page%3D1_ob%3D5_q%3D_po%3D45_catid%3D1030,3
5a9dae9035d6d33215379a82,https://www.tokopedia.com/s3-satriasecure/packing-tambahan-buble-extra?trkid=f%3DCa990L000P0W0S0Sh00Co0Po0Fr0Cb0_src%3Ddirectory_page%3D1_ob%3D5_q%3D_po%3D12_catid%3D1035,3
5a93756d35d6d3672e10ffe5,https://www.tokopedia.com/solusitataudara/exhaust-fan-plafon-ceiling-panasonic-fv-20tgu?trkid=f%3DCa50L000P0W0S0Sh00Co0Po0Fr0Cb0_src%3Ddirectory_page%3D2_ob%3D5_q%3D_po%3D34_catid%3D667,3
5a94b6478cbad978815975bf,https://www.tokopedia.com/easy-buy/eleaf-istick-pico-75w-starter-kit-vaporizer-vape-rokok-elektrik?trkid=f%3DCa2090L000P0W0S0Sh00Co0Po0Fr0Cb0_src%3Ddirectory_page%3D1_ob%3D5_q%3D_po%3D41_catid%3D2097,3
5a9308ab35d6d3672e10ffc4,https://www.tokopedia.com/shohiby/atomix-kapas-vape-organic-atomix-organic-cotton-for-vape-lovers?trkid=f%3DCa50L000P0W0S0Sh00Co0Po0Fr0Cb0_src%3Ddirectory_page%3D2_ob%3D5_q%3D_po%3D1_catid%3D577,3
5aa5697235d6d336b75ec48f,https://www.tokopedia.com/1bestchoice/earphone-case-headset-tempat-earphone-data-cable-flashdisk?trkid=f%3DCa25L000P0W0S0Sh00Co0Po0Fr0Cb0_src%3Ddirectory_page%3D2_ob%3D5_q%3D_po%3D1_catid%3D563,3
5aa2fd9a8cbad96d9a0c50d1,https://www.tokopedia.com/instacioinstax/garansi-speaker-xiaomi-mifa-m1-portable-cube-bluetooth-sd-card-slot-1?trkid=f%3DCa25L000P0W0S0Sh00Co0Po0Fr0Cb0_src%3Ddirectory_page%3D1_ob%3D5_q%3D_po%3D26_catid%3D562,3
5a9b6b058cbad94aa140ca62,https://www.tokopedia.com/specialistremote/remotremote-tv-lg-lcdledplasma-akb73975733-kw-super?trkid=f%3DCa50L000P0W0S0Sh00Co0Po0Fr0Cb0_src%3Ddirectory_page%3D3_ob%3D5_q%3D_po%3D42_catid%3D577,3
5a94fc9d8cbad978815975dd,https://www.tokopedia.com/clefparfume/30ml-essence-flavour-import-for-e-liquid-vape-vaping-vapor?trkid=f%3DCa2090L000P0W0S0Sh00Co0Po0Fr0Cb0_src%3Ddirectory_page%3D2_ob%3D5_q%3D_po%3D12_catid%3D2096,3
5aa411f6f97c5d21d720678b,https://www.tokopedia.com/sandy-grosir/stick-touch-lamp-stick-n-klik-lampu-lemari-darurat?trkid=f%3DCa989L000P0W0S0Sh00Co0Po0Fr0Cb0_src%3Ddirectory_page%3D2_ob%3D5_q%3D_po%3D36_catid%3D1028,3
5aa5d02035d6d336b75ec4ad,https://www.tokopedia.com/hippopowerbank/hippo-hf-headset-handsfree-bluetooth-h06?trkid=f%3DCa25L000P0W0S0Sh00Co0Po0Fr0Cb0_src%3Ddirectory_page%3D2_ob%3D5_q%3D_po%3D31_catid%3D563,3
5a94a2698cbad978815975b9,https://www.tokopedia.com/tokotoped/authentic-ud-wire-spool-tamer-toko-toped-for-rda-vaporizer-124220?trkid=f%3DCa2090L000P0W0S0Sh00Co0Po0Fr0Cb0_src%3Ddirectory_page%3D1_ob%3D5_q%3D_po%3D35_catid%3D2092,3
5a8e67cef97c5d012ebcc30f,https://www.tokopedia.com/tokoheadphone/monster-beats-by-dr-dre-tour-earphone-black-oem-a?trkid=f%3DCa25L000P0W0S0Sh00Co0Po0Fr0Cb0_src%3Ddirectory_page%3D6_ob%3D5_q%3D_po%3D21_catid%3D565,3
5a9dc03835d6d33215379a89,https://www.tokopedia.com/jenjenshop/green-laser-pointer-303?trkid=f%3DCa990L000P0W0S0Sh00Co0Po0Fr0Cb0_src%3Ddirectory_page%3D1_ob%3D5_q%3D_po%3D19_catid%3D1035,3
5aa34e7ff97c5d21d720674d,https://www.tokopedia.com/toserba173/green-laser-pointer-303?trkid=f%3DCa989L000P0W0S0Sh00Co0Po0Fr0Cb0_src%3Ddirectory_page%3D1_ob%3D5_q%3D_po%3D34_catid%3D1025,3
5a9321d535d6d3672e10ffcc,https://www.tokopedia.com/goldendream/kabel-jumper-male-female-breadboard-arduino-wire-bread-board-cable?trkid=f%3DCa50L000P0W0S0Sh00Co0Po0Fr0Cb0_src%3Ddirectory_page%3D2_ob%3D5_q%3D_po%3D9_catid%3D577,3
5aa5cbbb35d6d336b75ec4ac,https://www.tokopedia.com/inforidista/speaker-advance-aktif-portable-m180bt-bluetooth-subwoofer-bass-t398?trkid=f%3DCa25L000P0W0S0Sh00Co0Po0Fr0Cb0_src%3Ddirectory_page%3D2_ob%3D5_q%3D_po%3D30_catid%3D562,3
5aa67807f97c5d0197a4f42d,https://www.tokopedia.com/toserbalarisshop/baterai-ultrafire-baterai-charger-baterai-18650?trkid=f%3DCa50L000P0W0S0Sh00Co0Po0Fr0Cb0_src%3Ddirectory_page%3D18_ob%3D5_q%3D_po%3D9_catid%3D573,3
5a9bd0a08cbad94aa140ca98,https://www.tokopedia.com/nj-line/battery-batere-batre-charger-18650-baterai-kapasitas-2600-mah?trkid=f%3DCa50L000P0W0S0Sh00Co0Po0Fr0Cb0_src%3Ddirectory_page%3D4_ob%3D5_q%3D_po%3D34_catid%3D573,3
5a9973a4b8a9f70cb30545f0,https://www.tokopedia.com/shennyshop/kipas-angin-portable-kipas-lipat-kipas-genggam-mini-hand-fan-gqc?trkid=f%3DCa50L000P0W0S0Sh00Co0Po0Fr0Cb0_src%3Ddirectory_page%3D7_ob%3D5_q%3D_po%3D9_catid%3D667,3
5a9629e835d6d33d3fea5714,https://www.tokopedia.com/tokoqq/ezcast-wifi-hdmi-dongle-miracast?trkid=f%3DCa27L000P0W0S0Sh00Co0Po0Fr0Cb0_src%3Ddirectory_page%3D1_ob%3D5_q%3D_po%3D22_catid%3D665,3
5aa82ec38cbad94892a38d51,https://www.tokopedia.com/nestshoes/bracket-tv-braket-tv-breket-tv-lcd-led-north-bayou-nbc2-t-32-55inci?trkid=f%3DCa655L000P0W0S0Sh00Co0Po0Fr0Cb0_src%3Ddirectory_page%3D1_ob%3D5_q%3D_po%3D6_catid%3D660,3
5aa3d1a7f97c5d21d7206779,https://www.tokopedia.com/pipeline/lampu-belajar-arsitek-lampu-meja-arsitex?trkid=f%3DCa989L000P0W0S0Sh00Co0Po0Fr0Cb0_src%3Ddirectory_page%3D2_ob%3D5_q%3D_po%3D22_catid%3D575,3
5aa3c611f97c5d21d7206776,https://www.tokopedia.com/gemstone15/lampu-led-hannochs-genius-emergency-magic-ac-dc-8w-8-watt-1?trkid=f%3DCa989L000P0W0S0Sh00Co0Po0Fr0Cb0_src%3Ddirectory_page%3D2_ob%3D5_q%3D_po%3D19_catid%3D1024,3
5aa41d11f97c5d21d720678f,https://www.tokopedia.com/lightingjaya/lampu-natal-tumblr-led-10m-lampu-hias-lampu-unik?trkid=f%3DCa989L000P0W0S0Sh00Co0Po0Fr0Cb0_src%3Ddirectory_page%3D2_ob%3D5_q%3D_po%3D40_catid%3D1027,3
5aab154aae1f9409b1e2426f,https://www.tokopedia.com/cah-banjarnegara/smart-tester-esr-meter-komponen-tester-transistor-tester?trkid=f%3DCa50L000P0W0S0Sh00Co0Po0Fr0Cb0_src%3Ddirectory_page%3D12_ob%3D5_q%3D_po%3D36_catid%3D577,3
5a94c4518cbad978815975c3,https://www.tokopedia.com/rickyvapestore/subcoil-prebuild-fused-clapton-coil?trkid=f%3DCa2090L000P0W0S0Sh00Co0Po0Fr0Cb0_src%3Ddirectory_page%3D1_ob%3D5_q%3D_po%3D45_catid%3D2094,3
5aa52a2e35d6d336b75ec47b,https://www.tokopedia.com/budgetgadget/xiaomi-mi-piston-huosai-3-earphone-fresh-version-original-headset?trkid=f%3DCa25L000P0W0S0Sh00Co0Po0Fr0Cb0_src%3Ddirectory_page%3D1_ob%3D5_q%3D_po%3D40_catid%3D565,3
5a8de712f97c5d012ebcc2c5,https://www.tokopedia.com/win-jaya-elektr/radio-portable-international-jadul-3-band-fm-am-sw-acdc-4250-antik?trkid=f%3DCa25L000P0W0S0Sh00Co0Po0Fr0Cb0_src%3Ddirectory_page%3D5_ob%3D5_q%3D_po%3D7_catid%3D562,3
5aa2a50dae1f9425af6eb2d3,https://www.tokopedia.com/microlife/hc-sr501-pir-motion-sensor-module-arduino-raspberry-pi?trkid=f%3DCa636L000P0W0S0Sh00Co0Po0Fr0Cb0_src%3Ddirectory_page%3D1_ob%3D5_q%3D_po%3D5_catid%3D636,3
5aa4c298f97c5d6da4d500ec,https://www.tokopedia.com/microlife/hc-sr501-pir-motion-sensor-module-arduino-raspberry-pi?src=topads,3
5a95136d8cbad978815975e5,https://www.tokopedia.com/robusta-ejuice/liquid-vape-original-coffe-robusta-roasted?trkid=f%3DCa2090L000P0W0S0Sh00Co0Po0Fr0Cb0_src%3Ddirectory_page%3D2_ob%3D5_q%3D_po%3D20_catid%3D2096,3
5aa3a6c9f97c5d21d720676c,https://www.tokopedia.com/1step/lampu-led-bulb-philips-13w-putih-13-w-watt-13w-bohlam-packing4pcs?trkid=f%3DCa989L000P0W0S0Sh00Co0Po0Fr0Cb0_src%3Ddirectory_page%3D2_ob%3D5_q%3D_po%3D5_catid%3D1024,3
5aade9cfb8a9f76f3f0cb1da,https://www.tokopedia.com/topnotebook/kamera-mini-android-7mm-4cm-focal-distance-endoscope-camera-720p?trkid=f%3DCa548L000P0W0S0Sh00Co0Po0Fr0Cb0_src%3Ddirectory_page%3D2_ob%3D5_q%3D_po%3D29_catid%3D553,3
5aa447f2f97c5d21d72067a8,https://www.tokopedia.com/majultc/green-laser-pointer-303-laser-hijau-variasi-laser-kunci-pengaman?trkid=f%3DCa989L000P0W0S0Sh00Co0Po0Fr0Cb0_src%3Ddirectory_page%3D3_ob%3D5_q%3D_po%3D5_catid%3D1025,3
5a9d2342b8a9f734d011a347,https://www.tokopedia.com/topnotebook/kamera-mini-android-7mm-4cm-focal-distance-endoscope-camera-720p?trkid=f%3DCa548L000P0W0S0Sh00Co0Po0Fr0Cb0_src%3Ddirectory_page%3D2_ob%3D5_q%3D_po%3D29_catid%3D553,3
5a94a5718cbad978815975ba,https://www.tokopedia.com/tokotoped/authentic-ud-nichrome-80-wire-26-awg-04mm-vaporizer-vapor-rda?trkid=f%3DCa2090L000P0W0S0Sh00Co0Po0Fr0Cb0_src%3Ddirectory_page%3D1_ob%3D5_q%3D_po%3D36_catid%3D2094,3
5a9601f535d6d33d3fea5706,https://www.tokopedia.com/newg/android-tv-box-tx3-pro-android-60-marshmallow-amlogic-s905x-4k?trkid=f%3DCa27L000P0W0S0Sh00Co0Po0Fr0Cb0_src%3Ddirectory_page%3D1_ob%3D5_q%3D_po%3D8_catid%3D569,3
5aa37104f97c5d21d7206755,https://www.tokopedia.com/1step/lampu-led-philips-3w?trkid=f%3DCa989L000P0W0S0Sh00Co0Po0Fr0Cb0_src%3Ddirectory_page%3D1_ob%3D5_q%3D_po%3D42_catid%3D1024,3
5aa90bda35d6d34e1abd8402,https://www.tokopedia.com/futuremen/q7-mic-bluetooth-wireless-ktv-portable-microphone-karaoke-player-q9?trkid=f%3DCa25L000P0W0S0Sh00Co0Po0Fr0Cb0_src%3Ddirectory_page%3D8_ob%3D5_q%3D_po%3D13_catid%3D634,3
5a8ded64f97c5d012ebcc2c8,https://www.tokopedia.com/mofan/headset-bluetooth-samsung-v8-voyager-legend?trkid=f%3DCa25L000P0W0S0Sh00Co0Po0Fr0Cb0_src%3Ddirectory_page%3D5_ob%3D5_q%3D_po%3D10_catid%3D563,3
5aa58b4335d6d336b75ec498,https://www.tokopedia.com/budgetgadget/knowledge-zenith-high-quality-leather-earphones-storage-case-bag?trkid=f%3DCa25L000P0W0S0Sh00Co0Po0Fr0Cb0_src%3Ddirectory_page%3D2_ob%3D5_q%3D_po%3D10_catid%3D565,3
5a960e8035d6d33d3fea570b,https://www.tokopedia.com/rgaksesorishp/mp3-player-jepit-merk-music-player-micro-sd?trkid=f%3DCa27L000P0W0S0Sh00Co0Po0Fr0Cb0_src%3Ddirectory_page%3D1_ob%3D5_q%3D_po%3D13_catid%3D566,3
5aa8846b8cbad94892a38d67,https://www.tokopedia.com/srejeki/antena-antenna-tv-outdoor-indoor-toyosaki-aio-200?trkid=f%3DCa655L000P0W0S0Sh00Co0Po0Fr0Cb0_src%3Ddirectory_page%3D1_ob%3D5_q%3D_po%3D27_catid%3D661,3
5a9b307e8cbad94aa140ca49,https://www.tokopedia.com/arfanstore/dual-volt-amp-meter-digital-ampere-meter-voltmeter-10a-0-100v-ammeter?trkid=f%3DCa50L000P0W0S0Sh00Co0Po0Fr0Cb0_src%3Ddirectory_page%3D3_ob%3D5_q%3D_po%3D15_catid%3D577,3
5aa2fa76ae1f9425af6eb2fb,https://www.tokopedia.com/djonesshop/magic-stick-cw-toolbox-all-in-one-coil-tool-kit-universal-vape-vapor?trkid=f%3DCa636L000P0W0S0Sh00Co0Po0Fr0Cb0_src%3Ddirectory_page%3D1_ob%3D5_q%3D_po%3D45_catid%3D636,3
5aa30eb78cbad96d9a0c50d4,https://www.tokopedia.com/yinyangshop/hf-jbl-c100si-in-ear-headphones-with-mic-ori-100-garansi-resmi-ims?trkid=f%3DCa25L000P0W0S0Sh00Co0Po0Fr0Cb0_src%3Ddirectory_page%3D1_ob%3D5_q%3D_po%3D29_catid%3D565,3
5a92b4b635d6d3672e10ffa6,https://www.tokopedia.com/tokouniko/mesin-jahit-portable-mini-fhsm-202?trkid=f%3DCa50L000P0W0S0Sh00Co0Po0Fr0Cb0_src%3Ddirectory_page%3D1_ob%3D5_q%3D_po%3D31_catid%3D577,1
5a9489e58cbad978815975b2,https://www.tokopedia.com/vaporcenter/mod-authentic-100-smoant-charon-tc-218-watt?trkid=f%3DCa2090L000P0W0S0Sh00Co0Po0Fr0Cb0_src%3Ddirectory_page%3D1_ob%3D5_q%3D_po%3D28_catid%3D2097,3
5aa895a335d6d34e1abd83a7,https://www.tokopedia.com/toserbalarisshop/usb-bluetooth-music-receiver?trkid=f%3DCa25L000P0W0S0Sh00Co0Po0Fr0Cb0_src%3Ddirectory_page%3D6_ob%3D5_q%3D_po%3D42_catid%3D634,3
5aa353148cbad9703e30642a,https://www.tokopedia.com/ikiokestore/ultrafire-18650-6800mah-batrebaterebateraibattery-rechargeable-charge-lithium-ion-li-ion-37v-senter-police-swat?trkid=f%3DCa50L000P0W0S0Sh00Co0Po0Fr0Cb0_src%3Ddirectory_page%3D15_ob%3D5_q%3D_po%3D15_catid%3D573,3
5a984892b8a9f712ce73da6e,https://www.tokopedia.com/kedaiunikmurah/lampu-tidur-sensor-cahaya-avatar-lampu-jamur-led-lamp-elektronik-rooms?trkid=f%3DCa989L000P0W0S0Sh00Co0Po0Fr0Cb0_src%3Ddirectory_page%3D7_ob%3D5_q%3D_po%3D28_catid%3D1261,3
5aa84bb38cbad94892a38d5a,https://www.tokopedia.com/pikelektronik88/anycast-ezcast-wifi-display-receiver-dongle-wireless-hd-mirroring?trkid=f%3DCa655L000P0W0S0Sh00Co0Po0Fr0Cb0_src%3Ddirectory_page%3D1_ob%3D5_q%3D_po%3D14_catid%3D663,3
5a9d9a5235d6d33215379a7b,https://www.tokopedia.com/webkomputindo/orico-ultra-mini-usb-30-high-speed-hub-4-port-8-inch-cable-w5ph4-u3?trkid=f%3DCa990L000P0W0S0Sh00Co0Po0Fr0Cb0_src%3Ddirectory_page%3D1_ob%3D5_q%3D_po%3D5_catid%3D1267,3
5a98c815ae1f94092ea0b539,https://www.tokopedia.com/grosirecer/obeng-8in1-senter-multifungsi-reseller-dropship-barang-unik-china-murah?trkid=f%3DCa636L000P0W0S0Sh00Co0Po0Fr0Cb0_src%3Ddirectory_page%3D7_ob%3D5_q%3D_po%3D47_catid%3D636,3
5a9d430e8cbad911dfd99584,https://www.tokopedia.com/kedaiunikmurah/alarm-anti-maling-pencuri-jendela-kaca-pintu-rumah-toko-gudang?trkid=f%3DCa990L000P0W0S0Sh00Co0Po0Fr0Cb0_src%3Ddirectory_page%3D4_ob%3D5_q%3D_po%3D15_catid%3D1034,3
5a93550435d6d3672e10ffda,https://www.tokopedia.com/goldendream/kabel-jumper-male-male-breadboard-arduino-wire-bread-board-cable?trkid=f%3DCa50L000P0W0S0Sh00Co0Po0Fr0Cb0_src%3Ddirectory_page%3D2_ob%3D5_q%3D_po%3D23_catid%3D577,3
5a965df6b8a9f7528f87ccca,https://www.tokopedia.com/g-acc/refill-vaporizer-rokok-elektrik-eliquid-ejuice-30ml?trkid=f%3DCa2090L000P0W0S0Sh00Co0Po0Fr0Cb0_src%3Ddirectory_page%3D7_ob%3D5_q%3D_po%3D41_catid%3D2096,3
5aa5158235d6d336b75ec476,https://www.tokopedia.com/y2r/jbl-go-portable-bluetooth-speaker-original-garansi-resmi-ims?trkid=f%3DCa25L000P0W0S0Sh00Co0Po0Fr0Cb0_src%3Ddirectory_page%3D1_ob%3D5_q%3D_po%3D35_catid%3D562,3
5aa38bf4f97c5d21d720675b,https://www.tokopedia.com/pipeline/lampu-natal-led-twinkle-lurus-tumblr-hias-mix-warna-warni?trkid=f%3DCa989L000P0W0S0Sh00Co0Po0Fr0Cb0_src%3Ddirectory_page%3D1_ob%3D5_q%3D_po%3D48_catid%3D1030,3
5aa6181b35d6d336b75ec4ce,https://www.tokopedia.com/pjmacc/headset-iphone-5?trkid=f%3DCa25L000P0W0S0Sh00Co0Po0Fr0Cb0_src%3Ddirectory_page%3D3_ob%3D5_q%3D_po%3D4_catid%3D563,3
5a9ba7328cbad94aa140ca86,https://www.tokopedia.com/gizelshop/mesin-jahit-mini-portable-gt-202fhsm-202?trkid=f%3DCa50L000P0W0S0Sh00Co0Po0Fr0Cb0_src%3Ddirectory_page%3D4_ob%3D5_q%3D_po%3D17_catid%3D577,3
5a8dff83f97c5d012ebcc2d1,https://www.tokopedia.com/kortingstore/handsfree-hf-xiaomi-mi-piston-gen-3-earphone-headset-headphone?trkid=f%3DCa25L000P0W0S0Sh00Co0Po0Fr0Cb0_src%3Ddirectory_page%3D5_ob%3D5_q%3D_po%3D19_catid%3D565,3
5a960f898cbad9254c75d700,https://www.tokopedia.com/kurniawan-hp/antena-tv-outdor-titis-type-tt1000-kualitas-terbaik?trkid=f%3DCa655L000P0W0S0Sh00Co0Po0Fr0Cb0_src%3Ddirectory_page%3D2_ob%3D5_q%3D_po%3D49_catid%3D661,3
5aa0b2418cbad92508c3d4f3,https://www.tokopedia.com/vanardila/100ml-premium-liquid-e-liquid-vaporizer-refill-ejuice-lengkap-diy?trkid=f%3DCa2090L000P0W0S0Sh00Co0Po0Fr0Cb0_src%3Ddirectory_page%3D10_ob%3D5_q%3D_po%3D26_catid%3D2096,2
5aa2f05e8cbad96d9a0c50ce,https://www.tokopedia.com/y2r/xiaomi-mi-iv-hybrid-dual-drivers-earphones-in-ear-headphones-driver?trkid=f%3DCa25L000P0W0S0Sh00Co0Po0Fr0Cb0_src%3Ddirectory_page%3D1_ob%3D5_q%3D_po%3D23_catid%3D565,3
5a981ac6b8a9f712ce73da47,https://www.tokopedia.com/jenjenshop/senter-swat-police-2-lalin-cone-rst?trkid=f%3DCa989L000P0W0S0Sh00Co0Po0Fr0Cb0_src%3Ddirectory_page%3D6_ob%3D5_q%3D_po%3D49_catid%3D1025,3
5aa1c29e35d6d36dd7c2cd13,https://www.tokopedia.com/fadhil85/kipas-angin-berdiri-trisonic-16in?trkid=f%3DCa50L000P0W0S0Sh00Co0Po0Fr0Cb0_src%3Ddirectory_page%3D5_ob%3D5_q%3D_po%3D22_catid%3D667,3
5a94baf98cbad978815975c0,https://www.tokopedia.com/tokotoped/18650-character-battery-wrap-superheroes-super-batere-wraps-baterai?trkid=f%3DCa2090L000P0W0S0Sh00Co0Po0Fr0Cb0_src%3Ddirectory_page%3D1_ob%3D5_q%3D_po%3D42_catid%3D2092,3
